No,Category,Issue,Keywords,Platform,Description,Do,Don't,Code Example Good,Code Example Bad,Severity
1,Accessibility,Icon Button Labels,icon button aria-label accessible name,Web,Icon-only buttons must expose an accessible name,Add aria-label (or visually-hidden text) to icon-only buttons,Ship icon buttons with no accessible name,"<button aria-label=""Close""><svg aria-hidden=""true"">…</svg></button>",<button><svg>…</svg></button>,Critical
2,Accessibility,Form Control Labels,form input label for semantic,Web,Every input needs a programmatically associated label,Use <label for> tied to the input id (or wrap the input),Rely on placeholder text as the only label,"<label for=""email"">Email</label><input id=""email"" type=""email"">","<input type=""email"" placeholder=""Email"">",Critical
3,Accessibility,Semantic HTML & Roles,semantic html aria role button link,Web,Use native semantic elements before ARIA roles,Use <button>/<a>/<nav>/<main>; add role only when no native element fits,Use <div onclick> for interactive controls,"<button type=""button"" onclick=""save()"">Save</button>","<div class=""btn"" onclick=""save()"">Save</div>",High
4,Accessibility,Live Region Announcements,aria-live status announce dynamic,Web,Async status changes must be announced to screen readers,Put status/toasts in an aria-live region,Update content silently with no announcement,"<div aria-live=""polite"" id=""status""></div>","<div id=""status""></div>",Medium
5,Accessibility,Decorative Icons Hidden,aria-hidden decorative icon,Web,Decorative images/icons must be hidden from assistive tech,"Set aria-hidden=""true"" (or empty alt) on decorative graphics",Let the screen reader announce every decorative glyph,"<svg aria-hidden=""true"">…</svg> / <img alt="""">","<svg role=""img"">…</svg>",Medium
6,Accessibility,Keyboard Operability,keyboard tab focus operable no trap,Web,All interactive elements must be reachable and operable by keyboard,Ensure logical tab order and full keyboard support; no traps,Build controls that only respond to mouse/touch,<button>…</button>,"<div onclick=""…"">",Critical
7,Interaction,Focus Visible,focus outline focus-visible ring,Web,Keyboard focus must be clearly visible,Keep a visible :focus-visible ring (2–4px),Remove outlines with outline:none and no replacement,:focus-visible { outline: 2px solid var(--ring); },*:focus { outline: none; },Critical
8,Interaction,Click Target Size,click target 44px hit area,Web,Interactive targets should be at least 44x44px,Pad small controls so the hit area reaches ~44px,Ship tiny icon links with a small clickable area,"<button style=""min-width:44px;min-height:44px"">…</button>","<button style=""width:16px;height:16px"">…</button>",High
9,Interaction,Target Spacing,spacing gap adjacent targets,Web,Adjacent click targets need enough spacing,Keep at least 8px between adjacent interactive targets,Cram buttons/links together with no gap,"<div style=""display:flex;gap:8px""><button/><button/></div>",<div><button/><button/></div>,Medium
10,Interaction,Hover Is Not Enough,hover click touch keyboard,Web,Never gate primary actions behind hover alone,Trigger actions on click; treat hover as enhancement,Reveal the only action path on :hover (fails touch/keyboard),"<button onclick=""open()"">Menu</button>",.item .actions{display:none}.item:hover .actions{display:block},High
11,Navigation,History & Back,browser history back pushstate url,Web,Browser back/forward must work and reflect app state,Use real routes/History API and keep URLs shareable,Hijack or reset history so Back breaks,"history.pushState({}, '', '/orders/42')","location.hash=''; // wipes history, Back exits app",Critical
12,Navigation,Modal Focus & Escape,modal dialog focus trap escape,Web,"Modals need a close affordance, Esc, and focus management","Trap focus, close on Esc + button, restore focus on close","Open a modal with no Esc, no focus trap, no visible close","<dialog id=""m""><button aria-label=""Close"">×</button>…</dialog>","<div class=""modal"">{content}</div>",High
13,Navigation,Preserve State On Back,scroll restoration state url params,Web,Returning to a view should restore scroll and filter state,Persist filters in the URL; allow native scroll restoration,Reset scroll position and clear filters on every navigation,"const url=new URL(location); url.searchParams.set('sort','new')","// filters kept only in memory, lost on back",Medium
14,Feedback,Loading Indicators,loading skeleton spinner aria-busy,Web,Show visible feedback for operations over ~300ms,Use a skeleton/spinner and mark the region aria-busy,Freeze the UI with no loading indication,"<button aria-busy=""true"" disabled><span class=""spinner""></span> Saving…</button>","<button onclick=""save()"">Save</button>",High
15,Feedback,Success Feedback,toast confirmation aria-live,Web,"Confirm successful actions with brief, announced feedback",Show a toast/inline confirmation in an aria-live region,Complete actions silently,showToast('Saved'); // container is aria-live=polite,"// state updated silently, no confirmation",Medium
16,Feedback,Error Feedback Near Field,inline error aria-describedby,Web,Show errors next to the field and link them for a11y,Render inline error and reference it via aria-describedby,Only turn the border red with no message,"<input aria-invalid=""true"" aria-describedby=""e1""><p id=""e1"">Enter a valid email</p>","<input style=""border-color:red"">",High
17,Forms,Validate On Blur,form validation onblur submit,Web,"Validate on blur/submit, not on every keystroke",Validate onblur and on submit; focus first invalid field,Validate on every keystroke causing flicker,"input.addEventListener('blur', validate)","input.addEventListener('input', validateEveryKey)",Medium
18,Forms,Correct Input Types,input type email tel number url,Web,Use semantic input types for keyboard + validation,Use type=email/tel/number/url with inputmode as needed,Use type=text for everything,"<input type=""email"" inputmode=""email"">","<input type=""text"" name=""email"">",Medium
19,Forms,Autocomplete Attributes,autocomplete autofill name email,Web,Enable browser/password-manager autofill,"Set autocomplete tokens (email, name, current-password…)",Disable autocomplete on standard fields,"<input type=""password"" autocomplete=""current-password"">","<input type=""password"" autocomplete=""off"">",Medium
20,Forms,Password Visibility Toggle,password show hide toggle,Web,Let users reveal their password,Provide a show/hide toggle that flips type,Force blind typing with no reveal option,"<input id=""pw"" type=""password""><button aria-label=""Show password"" onclick=""pw.type='text'"">👁</button>","<input type=""password"">",Low
21,Performance,Virtualize Long Lists,virtualize windowing large list,Web,Virtualize lists of ~50+ items,Render only visible rows (e.g. react-window / virtual scroller),Render thousands of DOM nodes at once,<FixedSizeList height={600} itemCount={5000} itemSize={40}>…</FixedSizeList>,{items.map(i => <Row key={i.id} {...i}/>)} // 5000 nodes,High
22,Performance,Image Optimization,image srcset lazy webp avif,Web,"Serve right-sized, modern, lazy-loaded images","Use responsive srcset/sizes, WebP/AVIF, loading=lazy, width/height",Ship one huge image and no dimensions (causes CLS),"<img src=""hero.avif"" srcset=""hero-800.avif 800w"" sizes=""100vw"" width=""1600"" height=""900"" loading=""lazy"">","<img src=""hero-4k.png"">",High
23,Performance,Debounce High-Freq Events,debounce throttle scroll input resize,Web,Debounce/throttle high-frequency handlers,Wrap search/scroll/resize handlers in debounce/throttle,Run heavy work on every input/scroll event,"input.addEventListener('input', debounce(search, 250))","input.addEventListener('input', searchHeavy)",Medium
24,Performance,Preconnect Critical Origins,preconnect preload critical origin,Web,Warm up critical third-party origins early,Use rel=preconnect/preload for critical fonts/APIs,Let critical origins connect late in the waterfall,"<link rel=""preconnect"" href=""https://fonts.gstatic.com"" crossorigin>",<!-- no preconnect; font connects during render -->,Low
25,Animation,Duration & Easing,animation transition duration easing,Web,Micro-interactions should be 150–300ms with real easing,Use ease-out to enter/ease-in to exit; transform + opacity only,Use long or linear transitions on core UI,"transition: transform 200ms ease-out, opacity 200ms ease-out;",transition: all 800ms linear;,Medium
26,Animation,Respect Reduced Motion,prefers-reduced-motion accessibility,Web,Honor the user's reduced-motion preference,Reduce/disable non-essential motion in the media query,Run parallax/large motion regardless of preference,@media (prefers-reduced-motion: reduce){*{animation:none;transition:none}},"/* animations always on, preference ignored */",Critical
27,Animation,Limit Continuous Motion,infinite loop animation loader,Web,Reserve infinite animation for loaders/live data,Loop only where it conveys ongoing activity,Keep decorative elements looping forever,.spinner{animation:spin 1s linear infinite},.logo{animation:bounce 1s infinite},Medium
28,Typography,Base Font Size,base font size 16px rem readable,Web,Body text must be readable; base ~16px,Use ~16px base and rem units for scalability,Set body text below 12px or lock px sizes,body{font-size:16px}p{font-size:1rem;line-height:1.5},body{font-size:10px},High
29,Typography,Support Zoom & Scaling,rem zoom reflow text scaling,Web,Layout must survive 200% browser zoom / larger text,Use rem/em and fluid layouts; test at 200% zoom,Use fixed px heights that clip text when scaled,padding:0.75rem 1rem; min-height:2.75rem;,height:32px;overflow:hidden; /* clips scaled text */,Medium
30,Layout,Sticky Element Clearance,sticky header scroll offset anchor,Web,Content must not hide behind sticky headers,Reserve space / use scroll-margin-top for anchored content,Let a sticky header cover the scrolled-to content,:target{scroll-margin-top:5rem} main{padding-top:var(--header-h)},position:sticky;top:0 /* overlaps content on anchor jump */,Medium
31,Theming,Light/Dark Contrast,dark mode contrast semantic tokens,Web,Ensure ≥4.5:1 contrast in both light and dark themes,Use semantic color tokens per theme; test both,Reuse light-theme grays directly in dark mode,:root{--text:#111} .dark{--text:#f9fafb},.dark{color:#9ca3af;background:#111827} /* fails contrast */,High
32,Anti-Pattern,No Hover-Only Controls,hover only hidden control affordance,Web,Don't hide essential controls behind hover/gesture only,Keep essential actions visible; hover is enhancement only,Reveal the only way to act on :hover,"<button class=""delete"">Delete</button>",.row .delete{opacity:0}.row:hover .delete{opacity:1},High
